,GRE,TF,grad_gpa,grad_rank,username
0,326（159+167+3.5）,105,,,morningsu
3,,,  3.6/4  3/50, 本科非211,ivan93
6,,,  3.2, 本科Top15 211,gouber
8,320,101,  3.56, 本科其他211,王十七
9,150+170+3,92(22),  86.39, 本科Top15 211,anim20
11,150+167+3,101(s23),  3.3/4, 本科：北大，清华，科大，中科院，特色学校牛专业,allenliu
13,155+167+3.5,99(23),  3.6/4, 本科Top15 211,剪时光
14,322,106,, 本科其他211,satankissyou
15,320+4.0,112,, 本科其他211,justinguo
17,,,  3.8, 海本,mrlinkin99
22,318,97,, 本科Top15 211,WFGN
24,V159，Q166,,  3.73, 海本,Cleopatrahelen
26,321+3,105（23）,  学校算法3.1/4 20%, 本科其他211,奈何默默
27,321,101,, 本科Top30 211,xunyz
29,730,103,  3, 本科Top15 211,victorsterling
33,321+3,102,  3.81, 本科Top15 211,Frankluo
34,151+164+4.0,101,  3.63, 本科：北大，清华，科大，中科院，特色学校牛专业,oldjade
38,,,  3.77/4.0, 海本,纯子练气性
39,161+170+3,106（23）,,,whoyo123
40,"324(V154, Q170) AW 3.5","110(R29, L29, S26, S26)","  90.3/100, WES 3.85, rank 1/23", 本科Top15 211,Lorreina
41,760,105,, 本科：南大，浙大，复旦，上交,qiuyu19900209
42,160+170+4,105（S26）,  3.82(WES成绩）90.88, 本科Top15 211,bzplbn
43,GMAT 720(5.5),CMU拼分 108(24),  3.79/4(WES) 1/35, 本科Top30 211,Clarence_Zh
44,321,105(S 23),, 本科：南大，浙大，复旦，上交,aivanessa
45,157 167 3,104（22）,, 本科Top15 211,ElenaCHAO
46,323（3.5）,105,  3.9, 本科Top15 211,liyanhui1228
51,,,  3.42, 本科Top15 211,几碗米饭
58,GMAT 740+4,109,  3.27/4.0 WES 3.4, 本科Top30 211,aprilxiao
61,157+167+3,108(s23),  3.43, 本科Top15 211,接发球
62,,100,  3.0/4, 本科其他211,ryanli
64,162+168,103,, 海本,ltd07
67,,,  3.71, 本科Top15 211,ziczyq
70,157 169 3.5,30 20 24 28,  3.54（top 30%), 本科Top15 211,qwsolitude
71,314+3.5,雅思7.5,  3.4, 本科Top30 211,mgllyyk
74,158+170+3,107(s24),  3.62, 本科其他211,nzou1991
75,321 + 3,100 (23),  89/100, 本科Top30 211,whdawn
76,314,,, 海本,haishili0105
77,147+164,waive,  3.92, 海本,gretchency
79,"318 153,165+2.5","98 28,22,20,28",  3.2, 本科其他211,cooldogrj
80,156+170+3.5,102 Speaking23,  3.75/4 WES 3.8 top2, 本科Top30 211,wtwolfprince
83,,,  3.62, 本科Top30 211,leejacky
84,152+170+4.0,28+26+23+27=104,  3.96/4.3 WES,3.92/4.0 Top 3 among 83,yucheyang2
87,318+3,102,  3.75/4.0, 本科：南大，浙大，复旦，上交,Michelle_sigh
89,321,105,, 本科Top30 211,htg
90,325,108,, 本科：南大，浙大，复旦，上交,liqingfd
96,GMAT 680 AW4.5,IELTS 7.5,  3.6/4.0 WES 3.75, 本科Top15 211,ysl12316223
101,V142 Q167 Total309,R28 L24 S20 W22 Total94,, 本科非211,HybridSuns
103,710 + 5,IELTS 7,  2.0/4.0    73/100, 本科其他211,justkz
106,700+6,110,  3.7, 本科Top30 211,elsa
111,710（5.0）,100（27）,  3.3/4.0, 本科Top15 211,rainaxxchan
113,151+170+3.5,100(S22),, 本科Top30 211,ppppudding
115,v157+q170,93（s24）,  82/100, 本科Top15 211,loloxfx
116,320,100,, 本科Top30 211,qingzi1993
117,159+170+3.5,106(24),  3.52/4.00, 本科Top15 211,Kinatahsama
122,161 170 3,104(24),  3.4/4.0, 本科：南大，浙大，复旦，上交,maxio110
126,,105 S23,  3.63, 本科Top15 211,baimaoguhuimao
129,,,  3.82, 本科：南大，浙大，复旦，上交,kevinkaizhou
143,,,  WES 3.08, 本科：北大，清华，科大，中科院，特色学校牛专业,amber0311
144,326,101,  3.5,,amyzen
146,324+3.5,105(24),"  wes 3.96/4, 1/32", 本科Top15 211,BooOnnies
148,150+170+2.5,93（S19）,, 本科其他211,ABAJ
149,,,  3.61/4.0, 本科Top15 211,我要去美国
151,,,  3.42, 本科其他211,llx
154,320,94,  3.0/4, 本科其他211,JunoJ
156,149+158+3,90(22),  3.67, 本科Top15 211,Venchyy-go-US
157,307,84,  3.4/4.3, 本科其他211,沉默的小马
161,161+169+4,110 (s24),, 本科：北大，清华，科大，中科院，特色学校牛专业,Yuno
163,316,97,  3.5, 本科Top30 211,aaaeeeo
166,319,102,, 本科其他211,flamencoer23
170,324 (V154/Q170) + AW 4.0,106 (R27/L29/S22/W28),  3.97 (12/,,acsalu
175,157+170+3.5,29+30+23(S)+27=109,  83.9/100 Rank15%, 本科非211,onlyforreg
179,143 166 3,95,  88/100, 本科：南大，浙大，复旦，上交,wyjzhi89
185,148+165+3.0,105,  84.4, 本科Top30 211,lanabc
187,313+3,93(23),  85, 本科：北大，清华，科大，中科院，特色学校牛专业,北方的精灵
188,,,  10%, 本科：南大，浙大，复旦，上交,sleepycactus
190,159+170+4,106,  3.24你懂的, 本科：北大，清华，科大，中科院，特色学校牛专业,Wilford
195,141+165+3,94（22）,  3.66（4/201）, 本科非211,吱吱
196,320+2,93(20),, 本科其他211,努把力就申完了
200,,,  3.25, 本科非211,reasonapp
206,315,100,"  3.66/4, 4/201", 本科非211,LJYee
207,317,94,, 本科：北大，清华，科大，中科院，特色学校牛专业,yyyang
209,157+170+3.5,103,  3.55, 本科Top30 211,zhengdawei911
210,322+3.0,105 Speaking 24,, 海本,haiweiosu
212,GMAT 620 (捂脸狂奔 估计没有比我还低的了),IELTS 7,  3.49, 本科非211,espange
215,315+3.0,90,  86,,shuier616
219,150+167=317+3,28+30+20+23=101,  3.0(WES), 本科：北大，清华，科大，中科院，特色学校牛专业,多多多多多
220,160+168+5,,  3.58/4, 海本,l328
222,146 170 3,100 (22),  3.72 / 3.89,,xystudioo
224,325,112（S 28）,  3.5, 本科：北大，清华，科大，中科院，特色学校牛专业,mm1017
227,325+3,103 s22,  89.2/100 top1, 本科其他211,Paulnet
235,155+163+3.5,waived.  2008年考过94分,  Overall 3.7/major mis,3.8 cs,2239168
237,317=149+168   AW:3.0,100=28+29+19+24,  3.61/4.0 (WES), 本科非211,Jack_S
243,550+800+3.5,107(30+25+23+29),  4.55/5.0 Rank, 1/27,iPhD
245,720,103,  3.5, 本科其他211,kira_HC
247,1260(3),101(22),, 本科Top15 211,lyle
248,319+3.5,103（23）,  87（3/41）, 本科Top30 211,norafang
249,149+170+3=319+3,101(18),  87.3, 本科Top30 211,messyji
250,154 165 3,100(23),  3.48, 本科：南大，浙大，复旦，上交,wongwill325
256,150+170+3,108(s24),  87/100, 本科Top30 211,snooze
257,158+168+3,108(23),  3.5, 本科Top15 211,tcstar
258,151+165+3.0,103,  83/100, 本科：南大，浙大，复旦，上交,tq5124
259,153+170+3.5,103(22),  3.53(WES), 本科非211,lonely-melon
262,161+170+3.5,104(22),  3.81(wes), 本科Top30 211,jacie
265,159+167 = 326,29+28+27+29 = 113,  4.89/5.00, 海本,baibai88
266,334,112,  3.4, 本科：北大，清华，科大，中科院，特色学校牛专业,zj45499
270,323,95,  wes 3.8, 本科Top30 211,littlerr
274,314+3.5,24+24+23+23,  5%,,云绾Yuqing
278,155+168+3.0,26+27+22+25,  3.48, 本科：北大，清华，科大，中科院，特色学校牛专业,mouwu.lin
279,320,100,  3.92/4, 本科：南大，浙大，复旦，上交,wave4721
281,324（155+169+3.5),102（22）,  84/100, 本科其他211,riskjunk
282,,101,  3.3, 本科：北大，清华，科大，中科院，特色学校牛专业,dmmzmm
284,GMAT 710,IELTS 7.0,  GPA3.71(WES), 本科Top30 211,sunnysilvia
290,710 (IR8 AW5.5) gmat,97..,  WES 3.42 (7/38), 本科Top30 211,lzlindy
297,155+169+3.0,105（29+24+26+26）,  3.49, 本科：南大，浙大，复旦，上交,Gvnfy
302,GMAT 720,93,, 本科非211,suosssss
305,334,109,  3.7/4.0, 本科：南大，浙大，复旦，上交,yeehon
307,319+3,101（23）,  81.3/100, 本科非211,jessiehahahaha
310,３２０－３２５,ｗａｉｖｅ　雅思6.5,, 海本,q198800287
311,1560,100,  82.38/100, 本科其他211,swangel
312,550+790+3,108（24）,  3.9/4（北航算法）, 本科Top30 211,月涌大江流
314,320,103,  88/100, 本科其他211,rydgelee
317,313,84,  3.21/5,,tommy1122337
322,"324,3.5",104,  3.55（5）=85.5（100）, 本科非211,壹心向佛
324,320（150+170）,91（18）,  2.89, 本科非211,sunnyeee
327,,,  86/100, 本科Top15 211,narcotic
331,153+168+3.5,106(23),  85, 本科：北大，清华，科大，中科院，特色学校牛专业,ppks710
332,159+168+3,105(S23),  89.9, 本科Top30 211,dolphin_wby
334,152+169+3,102（S20）,  90.2/100 排名不清楚, 本科Top15 211,mikeyangh1992
335,V157 Q169 AW3.0,"106 (R28, L27, S26, W25)",  84.64  rank,20/200(除开保研),chen482
336,329(4),104(23),, 本科Top15 211,A30041839
337,168+151,91 (S22),  84, 本科Top30 211,rackingroll
338,V161+Q166+3.0,102(23),, 本科Top15 211,lingyy
339,153+170+3.0,30+27+22+26,  3.43/4， Major 3.68/4, 海本,wuyang1992
343,329+3.0,108,  3.8/4.0 武大算法 排名4/217, 本科Top15 211,heroic
344,620+800+3.0,108,  3.67, 本科Top30 211,Aaron_Liu
345,156+168+3.0,30+29+22+27=108,  3.8+/4.3 89+/100 Ranking,10+/100+,sjh2011
346,151+165+3,102(23),  87, 本科Top15 211,vincentwizard
347,314,107,, 本科Top30 211,hammer9132
348,154+170+3,100/s23,  2.93/4, 本科Top30 211,AbracadaBudda
350,157+168+3,106,  90, 本科：北大，清华，科大，中科院，特色学校牛专业,helloshch
353,,,  90/100 Rank1, 本科Top15 211,poiiopppooii
355,162+169+4.5,104,  87/100, 本科：南大，浙大，复旦，上交,wayof
356,170+157+4.0,113(S26),"  4/198, 4.44/5.0", 本科：南大，浙大，复旦，上交,sabrinasong
357,162+170+4.0,111 (24),  TOP 8%, 本科：南大，浙大，复旦，上交,33300qq
358,150+170+3.5,107(23),  91.4/100, 本科：南大，浙大，复旦，上交,JoeWest
360,159+170+3.5,104 (s23),"  90.8, major 92.46, top2%", 本科其他211,AIw0916
361,153+170+3,102(s20),  87/100, 本科：南大，浙大，复旦，上交,snow_sword
362,540+800+3.0,108(23),  3.32, 本科：南大，浙大，复旦，上交,peanu
364,,,  3.0, 本科：北大，清华，科大，中科院，特色学校牛专业,hadoopG
365,157+167+3.5,102(S23),, 海本,筱瞳
366,149+169+3.5,,  3.80, 海本,annierzhou
367,330 + 3.5,102(23),  3.60, 本科Top15 211,jasonl815
368,V152+Q166+3.5,105(23),, 本科Top15 211,Firework
369,319,107,  3.3/4/3, 本科：北大，清华，科大，中科院，特色学校牛专业,slxu
374,330+3.5,114(27),  3.65, 本科：南大，浙大，复旦，上交,muybienw
375,331（3.0）,101（23）,  88.9 gpa忘了 8/400, 本科其他211,wangxiaohuigre
376,V147+Q168+AW3.5=315,R24+L29+S17+W28=98,  3.98/4, 本科Top30 211,firefighter
377,1383 = 580 800 3,100(24),  3.52, 本科Top15 211,kobezhaowei
378,"327, V158+Q169+AW3.0","109, R29+L30+S23+W27","  84/100, 40/170", 本科：南大，浙大，复旦，上交,lutianhan08
380,162+170+3.5,109,  3.7/4, 本科：南大，浙大，复旦，上交,eonian
381,,,  3.94/4, 本科：南大，浙大，复旦，上交,wy348202265
383,326+3,109,  4.58/5, 本科Top30 211,wangyuesong2
386,156+170+3,L：27    R：29  W：24  S：24   total：104,  3.55/4      13/51, 本科Top30 211,Lycn_Cross
388,159+168+3.0,110 (s24),  GPA 89 + 2/300, 本科Top15 211,linaohan1993120
389,V159 Q168 W5.0,,  3.9/4.0, 海本,BillyLoc
396,157+170+3.0,27+30+22+24,  87.1 RANK,18,honiess
397,154+170+3.5,30+26+22+28=106,  3.24/4.00  排名中等, 本科：南大，浙大，复旦，上交,gqjapply
399,154+170+4.0,108,  3.3/4.3, 本科：南大，浙大，复旦，上交,cadywsq
401,153+165+3.0,107(22),  82%, 本科非211,Emerson_Ding
405,,,  84/100, 本科其他211,nickyzhi
406,147+170+3.5 / 150 + 168 + 3.5,28+24+23+27=102,  3.75/4.0 Rank 3, 本科：南大，浙大，复旦，上交,372284362
408,,,  88.65/100, 本科：南大，浙大，复旦，上交,南方的狼
409,321+3.5,108（23）,  89/100, 本科Top15 211,gynirvana
411,151 165 4.0,103  22,  86.16, 本科Top30 211,azbycxdz
413,324+3.0,96(20),  3.3, 本科Top15 211,markqzheng
414,154+169=323(3),109(23),  86.7/100, 本科：南大，浙大，复旦，上交,gc1993114
415,317+3.5,100,  89.5, 本科Top30 211,miss_snow
416,156+170+3,100(22),  85.6/100, 本科：南大，浙大，复旦，上交,tong-1324
417,,,  88, 本科Top15 211,sdudxf
418,158 170 328 3.5,29 28 24 26 = 107,"  88/100,  top 5%", 本科Top30 211,zl9394
419,157+167 3.0,108(22),  3.44/4 (25%), 本科：北大，清华，科大，中科院，特色学校牛专业,wbcustc
420,151+167+3.0,24+26+22+30=102,"  88/100, 5/150", 本科Top15 211,huiyuning
421,490+800+3,WAIVED,  3.1, 本科其他211,collwe
422,GMAT 710 Q49 V37 AWA 5,R30 L24 S26 W28 Total 108,  3.57/4 排名3, 本科非211,leoooodu
425,154 + 167 + 3.0,106(23),  3.68 10%, 本科：南大，浙大，复旦，上交,活性氧
426,322+3,105,, 本科：南大，浙大，复旦，上交,霍尔顿
427,V156 Q170 AW3.5,103 (S24),  Top 5%, 本科：南大，浙大，复旦，上交,Dayflower
429,323+3.0,99(24),, 本科：南大，浙大，复旦，上交,blue_shut_grab
430,318(148+170)+3.0 316(152+164)+3.5,102(S20+L29+R25+W28),  3.5/4.3, 本科：北大，清华，科大，中科院，特色学校牛专业,bersserker
431,153+168+3.0 (321),29+27+22+25 (103),  4.0/5.0, 本科非211,290219306
432,144+168+3.0,92(19),  3.5(北航算法), 本科Top15 211,infinity730
435,152+168+3.5,30+25+22+24=101,  90.3/100, 本科Top30 211,sam2015
436,330+3.0,108(22),  3.44, 本科：南大，浙大，复旦，上交,AndyLiu0429
437,160+162+3,108,  86, 本科Top30 211,坑仔
438,318,101(22),  86.8, 本科Top15 211,披着马甲的菠菜
439,153+169+3.5,102(S24),  3.8/4, 本科Top15 211,omegaga
440,153+170+3.5,103(22),  3.7/4, 本科：北大，清华，科大，中科院，特色学校牛专业,lyzstc
441,323(154+169)+3,106(S24),  86.7, 本科：南大，浙大，复旦，上交,静月流光
443,153+165+3,101（22）,  86/100, 本科Top15 211,lmstc16lmstc16
445,152+168+3。0,105,  3.64/4.0, 本科：南大，浙大，复旦，上交,LumiG
447,149+162+3,92(22),  3.32/4, 本科Top30 211,singku
449,154+170+3.5,100,, 本科：北大，清华，科大，中科院，特色学校牛专业,Tchief
450,156+170+4,28+29+23+29 = 109,  4.56/5 rank1, 本科：南大，浙大，复旦，上交,罹年
454,152+170+4.0,,  4.0/4.0, 海本,Naruremodopris
455,160+155+4.5,110,, 本科：北大，清华，科大，中科院，特色学校牛专业,落水狗
458,157+168+3.5,102(27+23+23+29),  overall,"89.86, major",gjxwin
459,,,  3.7, 本科Top15 211,sumbo
462,156 167 3,100,"  90/100, top 1%", 本科Top30 211,么凹
464,,,  major86.96，overall84, 本科Top15 211,alphard
465,,,  86, 本科Top15 211,Joyce5211
468,V161 Q169 AW3.0,102(23),  88, 本科Top30 211,CYCY
470,"V158, Q170, 4.0",R30 L28 S23 W27 108,"  3.7,  排名50%",,brian1118
472,316,107,  3.16/4, 本科其他211,devarenacn
474,323(V153 Q170 AW 3.0),102(R30 L24 S20 W28),  3.8/4.3, 本科：北大，清华，科大，中科院，特色学校牛专业,zhujf553
476,320,103（18）,  3.622, 本科：南大，浙大，复旦，上交,salamanderrex1
477,142+170+3.5,28+27+22+26=103,  3.57/4.00 Rank 13/95, 本科：南大，浙大，复旦，上交,zzzregister
479,"159+170, 3.5",103(23),"  3.69/4.00, 5/75", 本科：南大，浙大，复旦，上交,AspirinSJL
480,151+168,,  3.7/4, 海本,njshenyu
481,159+170+3.0,103（24）,  三点九九/四点三,HKUST 三点八,sunlei_1993
484,V151+Q166+AW4.0,R30+L29+S20+W27=106,  89/100, 本科Top15 211,fwtan
485,152+165,99(20),  3.2, 本科Top30 211,schnappi
486,V168 Q170 AW3.5,109 S22,  低！, 本科：南大，浙大，复旦，上交,simonw27
487,324+3.5,108,  3.42/4.3, 本科：北大，清华，科大，中科院，特色学校牛专业,pacman
488,150+170+3.5,101(23),  89/100, 本科其他211,whyvic13
489,318+3.5,106/26,  89, 本科Top15 211,bjtuharris
490,155+168+3.0,95（20）,  3.66/4, 本科Top30 211,jiangsl
491,330,114,,,TH999
492,325(AW3.0),103(s23),  Department calculated, 89.72,ForTheAC2015
494,159+168,111(26),  3.83/4.3, 海本,mengqwang2
495,V157+Q170+4.0,106 (S20),  91.5/100, 本科：北大，清华，科大，中科院，特色学校牛专业,wangsl11
496,315,93,  87, 本科Top15 211,hymhjh
498,"330+, aw=4.0",waived,  3.9+, 海本,let_it_be
500,159+170+4,Waived,, 海本,tobyljj
502,"V158, Q170, AW3.5",98(S20),, 本科Top15 211,coperdli
504,152+170+3,95（20）,  4.9/5.0（我们学校不算选修课）ranking 1/87, 本科其他211,geminiiiiiii
506,320(150+170+3.5),99(S23),"  89/100, Ranking", 2%,HappyZhou
507,318,98,  3.76/4, 本科Top30 211,ethanle
508,323+3.5,109,  3.88/4 (Transcrip), 本科Top15 211,苹果
511,304+3,"99, S(24)",  3.4, 本科非211,provhomme
513,316+3,97(20),"  overall gpa 88/100,3.6/4 major 90/100,3.78/4", 本科非211,Yuao_Liu
514,154+169+3.0,102(22),  87/100, 本科Top15 211,nanmanxiaozhu
515,152 + 170 + 3.5,108 (24),  3.84/4.0 (88), 本科：南大，浙大，复旦，上交,ChanCheng
517,319+3.0,101（22）,  87.54/100, 本科Top30 211,usa521
519,320,101,  3.4, 本科：北大，清华，科大，中科院，特色学校牛专业,wsd10
521,320,100,  18/220, 本科：南大，浙大，复旦，上交,jessicaji
523,327+4.5,114,  3.99, 海本,perfectionming
527,V153+Q170+AW3.5,100(S19),"  4.16/5,  排名29/198", 本科：南大，浙大，复旦，上交,billjyc
528,150+170+3.0,92(22),  84.5, 本科Top30 211,vicky95
529,318 + 3,99(20),  85.4, 本科非211,cocoabean
531,152+168+3.5,108(S20),  3.77/3.92(Major), 本科：南大，浙大，复旦，上交,罗大宝
532,151+170+3.0,104(26),  3.8+3.75,,xchenan
538,317,94,  79/100, 本科：北大，清华，科大，中科院，特色学校牛专业,bigkiss0604
542,V152 Q164 AW3.5,26+28+24+27=105,  3.6, 本科其他211,mrholiday
546,"164,169,3.5",30+30+24+28,, 本科：北大，清华，科大，中科院，特色学校牛专业,HeHePHD
547,"155+170,3.5",107(23),, 本科：北大，清华，科大，中科院，特色学校牛专业,luzc
548,161+170+3.5,106,  top 10%, 本科：南大，浙大，复旦，上交,jerryzh
549,319 + 3,waive,HK,  3.5/4,哈巴崽
551,326,110,  85.68,,fasthall
553,150 170 3,28 26 23 29,  3.62/4, 本科：南大，浙大，复旦，上交,南慕伦
555,153+170+3.0,102(20),  88/100, 本科：北大，清华，科大，中科院，特色学校牛专业,luang008
573,325 + 3,106 (S24),  89+/100, 本科其他211,ArtisticLife
574,丢脸 314（3）,丢脸 90 （20）,"  87/100, 6/265", 本科非211,玉宇清澄
576,157+170+3.5,111(23),  3.78/4, 海本,HackerYoung
577,156+170+4.0,109,  88, 本科：北大，清华，科大，中科院，特色学校牛专业,zhoujl10
578,,,  3.2, 本科Top15 211,zhangyue823
580,153+168+3,102(S22),  90     1/180, 本科Top30 211,默de途
581,154+168+3,105(22),, 本科Top30 211,uranus23
583,152+169+3,101,  overall 87.3,,wwtwxlwjh
586,159+170+3.5,108 (s23),  91.9, 本科Top30 211,wryswa
588,156+168+3.5,99（20）,  91.4/100, 本科Top15 211,小赖、
591,320+4,107,, 海本,youlixiang
592,v157+q170+aw3,106(s24),  4.46/5.0, 本科Top15 211,stormmax
595,162+148+3.0,92(S19),  2.45/4, 本科非211,liukailzb
596,329,,, 海本,xlhdh
598,,,  1/4, 本科：北大，清华，科大，中科院，特色学校牛专业,低调奢华
600,322/3.5,104,  88.3, 本科：南大，浙大，复旦，上交,hsama
602,312,81,  3.41, 本科Top15 211,simonsong
606,319+3,101(23),  3.7, 海本,wds41138
610,154+168＋3,106/22,, 本科：南大，浙大，复旦，上交,jimmyhbx
611,161+170+3.0,107,  3.4, 本科：北大，清华，科大，中科院，特色学校牛专业,brendaV
613,328,106,  82/200, 本科Top30 211,cicean
614,152+170+3.5,差,, 本科：南大，浙大，复旦，上交,snowymo
615,309,85,  GPA3/4  排名未知 总之挺渣, 本科：南大，浙大，复旦，上交,zxc12379
617,322+3.5,102,, 本科Top30 211,lalatiantian
619,,, Computer Technology and Application , SJTU,619899442
620,323,111,"  3.4/4.0, 排名30%", 本科：南大，浙大，复旦，上交,ryan_sun
621,没到310  写作3,98 S:23,  77.7, 本科Top15 211,xcheee
622,153+170+3.0,104(22),  3.74/4.3, 本科：南大，浙大，复旦，上交,begg930
623,329+3(159+170),"110(29,30,23,28)",  3.80(major,3.91),wcyz666
626,157+170+3.5,104(S22),  89/100 Top5%, 本科：南大，浙大，复旦，上交,cuchulainnut
627,152+167+3,28+23+22+21,  4.23/5.0, 本科：南大，浙大，复旦，上交,甘蓝白芷
634,,,  3.4/4.0(wes), 本科其他211,古风
635,155+168+3.0,waived,, 本科其他211,happyrabbit
636,320+3.0,waived,,,Pluto
637,316,93,"  2.85/4 , 排名未知",,Maestro5563
639,322,88(S23)渣到不行,TW,  88/100 3.52/4 3/60,zzj
640,151 170 3,103(23),  3.27, 本科Top30 211,zhan8803705
642,149+165+3.0,91,  83(加权平均), 本科Top30 211,ChaosandCosmos
643,322+4.0,waived,, 本科Top30 211,simba123
644,145+167+3.0,,, 海本,weiserwx
646,V157+Q163+AW2.5,25+25+20+20=90,, 本科非211,alc9700
649,"325(155,170)",,  3.89, 海本,414337290
651,318,97,  3.5, 本科Top30 211,minta
658,151 168 3,102（S22）,  3.85（88.5）, 本科：南大，浙大，复旦，上交,littlekobewx
661,153+169+3,27+20+22+24,  84.7, 本科：北大，清华，科大，中科院，特色学校牛专业,ccty2013
663,154+165+3,98（19）,, 本科Top30 211,czhsuccess
665,152+170+3,27+23+23+27=100,  81/100, 本科：北大，清华，科大，中科院，特色学校牛专业,markieff
667,V157Q163 total320,R29L23S23W28 total103,  3.59, 本科Top30 211,iwlam525
671,158+170+3.5,104(s23),  87.53，6/94, 本科Top30 211,Reggie
672,154+165=319,26+25+23+24=98,  3.6/4, 本科Top15 211,VAN-C
674,156+170=326+3.0,29+26+22+28=105,  83.7/100, 本科Top15 211,sunnyyuen
678,,,  3.7, 本科Top15 211,followdream
680,310+3,93,, 本科非211,魔链老大
683,320、150、170,23、103,, 本科Top15 211,zyongbo
685,,,  3.8/4 (SYSU)  4/4(UC), 本科Top15 211,whitelez
687,320 + 3.0,,  3.68/4.00, 海本,ldf92
689,,,  3.4/4.0, 本科Top15 211,chrisVoid
693,153+168+3,94,  大概87, 本科Top30 211,fateacher
697,321+3,105,  81, 本科Top30 211,lucyjuicy
700,163+168+4.5,,  3.91/4.00, 海本,tangyuhan123
704,324,104,  3.4/4.0, 本科：北大，清华，科大，中科院，特色学校牛专业,emissary30
705,163+170+3.5,107(S22),  87.4, 本科：南大，浙大，复旦，上交,Khryl
719,,,  3.94/4.3, 本科：北大，清华，科大，中科院，特色学校牛专业,konlzp
725,"318 (V 150, Q 168)",104 (S 23),  91/100， rank top 5, 本科Top30 211,Coco_Yang
726,320,102,  87%, 本科非211,nirelle
731,160+170+3,110（22）,  87/100  26/300, 本科Top15 211,eumenides1111
733,156 + 170,91,  85, 本科其他211,Howie
734,157+170+3,105,  88.3/100 5%, 本科：北大，清华，科大，中科院，特色学校牛专业,syf921006
738,313,89,  3.17/4, 本科：南大，浙大，复旦，上交,lorabit
751,149+170+3,90,  89.9分, 本科Top30 211,zyy20853
757,152 170 3.5,105 (26 28 24 27),  3.46/4.3 (26/105), 本科：北大，清华，科大，中科院，特色学校牛专业,diligent1787
760,312,106,, 本科非211,花露水人魔
764,317,92(18),, 本科Top15 211,kiru
766,328+3,109(s22),  3.4/4.0, 本科Top15 211,BaskWind
770,151+167+3.0,97(S19),  83, 本科：北大，清华，科大，中科院，特色学校牛专业,JEC726
772,151+170+3.0,28+30+22+21,  major 3.4/minor 3.35, 本科Top15 211,ataraxian
775,148+168+3.5,98,  88,,lazino
777,152+168+3.0,26+24+26+28=104,  G, 3.75  89/100  R,桑梓地
778,158+168+3,98（S23）,  3.75,,CindyHuang
782,,,  93.15，2/93, 本科：北大，清华，科大，中科院，特色学校牛专业,Weissach
786,321+3.5,104,, 本科：南大，浙大，复旦，上交,aptaua
794,158+170+3.5,R30+L30+S19+W25,  3.85/4.0, 本科Top15 211,ghost33
800,,,  3.66, 本科：北大，清华，科大，中科院，特色学校牛专业,karanbb
802,152 167 3.5,103（20）,  3.81/4, 本科：南大，浙大，复旦，上交,jxzhuge12
804,149+170+3.0,94(18),  GPA 3.88/4.0,CUHK 3.9/4.0,hzhzchengy
813,,"S 27, 108",, 本科Top30 211,雅爷也纠结名字
830,155+168+3,95,  89/100, 本科Top30 211,风景园
831,321+3,101,  81, 本科其他211,destyfog
835,319,102,  87, 本科其他211,yhfyhf
836,149/170/3,104 (s23),  86.2, 本科：南大，浙大，复旦，上交,nienty
837,154 + 167 + 3,106 (23),  4.43/5.0 (5/198), 本科：南大，浙大，复旦，上交,韦斯特大人
838,,,  3.7, 海本,hex
840,153+170+3.5,waive,  overall3.83/4, 海本,jinfang
841,,,"  GPA90.5,TOP 2%", 本科Top30 211,vivienerwen
843,162+168+3,,  3.86/4, 海本,lanseyyu
851,325,94(s19),  88.5/100, 本科Top30 211,Dobby
853,V152 Q163 AW3.5,R30+L28+S19+W26=103,  Overall, 81.3 Major,dc_726
858,600+800,106,  3.17, 本科：北大，清华，科大，中科院，特色学校牛专业,zyc262626
859,318（V154，Q164）,98（S22）,  90GPA, 本科Top30 211,yzy123
860,319+3,96,  79, 本科Top30 211,Meile
862,,,  3.64, 本科：北大，清华，科大，中科院，特色学校牛专业,songty11
869,325（170 + 155 + 3.5）,108(29 + 28 + 23 + 28),  3.6, 本科Top15 211,ylcboy
876,158V+164Q+5,113,  3.80, 海本,sliu0915
881,149+170+3.5,29+26+22+25,  浙大算法：GPA3.70, 本科Top30 211,喜马拉雅疯子
883,153+167+3.0,95(23),  3.74/4 10%, 本科Top30 211,popandroid
886,159+170+3.5,30+30+24+30,  3.62/4.30 49/196, 本科：南大，浙大，复旦，上交,zsycn
889,145 170 3,94,  3.2/4, 本科Top15 211,kataku
901,151+165+3,100(S24),  87.22/100, 本科Top15 211,unclemoe
904,319,102(S24),  90.55/100 CS,WSU(一学期4/4),alex1256
905,149+170+3.5,94（18）,  3.4～3.5, 本科Top30 211,cicitaotao
908,315+3.0,92,  87/100, 本科非211,zachzhao
916,V 151 Q 168 AW 4,104(S 22),  3.65/4   87.76/100   排名14/247, 本科Top15 211,陌染清源
919,not required,waive,  3.6/4.3, 海本,yiqinyang2
920,,,  86/100, 本科Top15 211,butzhang
921,,,  3.4, 本科Top15 211,whiskey547
923,145+166+3.0,100(S19),  82/100排名17/28, 本科：南大，浙大，复旦，上交,jack213
924,154+170+3.5,96(18),  81/100, 本科：南大，浙大，复旦，上交,FutureCo
929,320,105,  3.6, 本科：北大，清华，科大，中科院，特色学校牛专业,fly6464
935,321+3.5,104,  90/100, 本科：南大，浙大，复旦，上交,鸣翠柳的阿狸
936,150+168+3,100（s22）,  4.54/5，17/160+, 本科Top15 211,yougmark
938,154+168+3,29+29+20+21,  84.4/100, 本科Top30 211,lunarscar
939,我写出来给大家长长信心吧147(V)+166(Q)+3.0,102(22),, 本科Top30 211,Lilzy
942,152+170+3.5,108,  3.5/4.0, 本科Top30 211,hp257
945,163+170+4,119(writing -1),  3.74, 海本,gz3229
947,310,95,  2.3, 本科非211,smallmikko
951,,,  top15%, 本科：北大，清华，科大，中科院，特色学校牛专业,christy.zhang
955,153+170+3.5,,  3.75, 海本,xli294
956,149+164+2.5,92(20),, 本科Top15 211,xcw0420
959,152+170+3.0,IELTS 6.5(8.0+6.5+6.0+6.0),  85(12/96), 本科Top30 211,409661331
960,154+170+3.5,108,"  3.63/4,3.66/4", 本科Top15 211,oh_baizhima
961,,,  3.70/4.0, 海本,JunlinZhu
962,150+169=319,27+28+22+25=102,  3.57/4, 本科Top15 211,ee470474137
971,170 155 325,28 29 23 28 = 108,  3.73/4.0 3/76, 本科：南大，浙大，复旦，上交,ywmaggie
973,V158Q170+AW3.0,108=L29S23R29W27,  90.3，top10, 本科：北大，清华，科大，中科院，特色学校牛专业,breezet
978,158+170+4,111,  3.89/4,,zcrunsun
1007,154+167+3,103(S:23),  89/100 (Major, 90/100),albja
1008,326 3,105(23),  30%, 本科Top30 211,fengzhiyu17
1028,319=151+168+3.5,108=28+27+26+27,  4.16/5  rank,23/70,Paul_Zhang
1036,not required,waived,  3.89/4.00, 海本,aoisky
1039,328,108,  3.95/4.0，武大算法； 1/51, 本科Top30 211,yy80884676
1048,325,,, 海本,ilyak
1050,319+170+3,101,  81/100, 本科：南大，浙大，复旦，上交,zhuce_yige
1059,,,"  86.67, 2/14", 本科Top30 211,alanthink
1060,324+4.0,106,  3.54/4.0, 本科：南大，浙大，复旦，上交,eypw152
1063,150+170+3.5,95(20),  91.1  (3.64)  (1), 本科Top15 211,wawjchinawct
1064,331 + 3.0,111 (S 22),  90/100， top 20, 本科：北大，清华，科大，中科院，特色学校牛专业,Fantasy
1065,154+167+3,109(27),  87.56, 本科Top30 211,yifan0129
1068,143+164+3,,  3.65/4, 海本,lululillian
1069,156  163  3,97(23),, 本科非211,一米
1073,"320=150+170,3.0",99=27+26+22+24,, 本科Top15 211,cqq2014
1076,322,101(23),  84.8, 本科Top30 211,ypandxy
1077,320 152+168+3.0,94,  85多, 本科非211,刘心惠
1079,149+168+3.5,106,  3.9/4.0, 海本,shangmo
1082,V151 Q170 AW3,103(23),  3.62, 海本,ray1213
1084,327+4,112,, 海本,offfer
1092,,,  80.88, 本科Top30 211,nnq
1098,321,98,  3.6, 海本,ceclinux
1101,320+3,104（19）,  88  3.6   2/26, 本科Top15 211,bryanjhy
1116,153+162+3.5,waive,  3.81/5, 本科Top30 211,moonsky219
1119,,,  87, 本科Top30 211,Pandaman
1125,,,  3.5, 本科：北大，清华，科大，中科院，特色学校牛专业,versemonger
1127,153+167+3.0,97(19),, 本科Top15 211,forestwn
1133,,,  3.4, 本科其他211,Sayings
1134,,,  80/100, 本科其他211,kraks
1135,,Waive,  3.5/4.0, 海本,香草可乐
1147,156+170+3.5,104,  3.55/4.0, 本科Top15 211,rier2011
1149,151+170+3.0,96,  3.83/4.0 排名15/150, 本科Top15 211,蓝色蝶殇
1162,318,98(22),"  86.3/100, 8/90", 本科Top30 211,allenjack123
1164,"330(V: 160, Q: 170)+ AW 3.0","103(R:28, S:22, L: 25, W: 28)",  3.72/4.3, 海本,hanxiaojin21
1170,154+170+3.5,96,  3.3, 本科：南大，浙大，复旦，上交,renyuxiang
1178,,,  3.53/4, 本科：南大，浙大，复旦，上交,excellent5
1179,154+170+3.5,102（22）,"  88,2/59", 本科非211,wtyelu
1180,,,  3.78/4, 本科Top30 211,hhhhchen
1189,307 + 3,97（24）,  3.57, 本科其他211,aegis
1190,313+3.0,97,  3.2/4, 本科非211,ingerido
1197,162/V 168/Q 3.5/A.W,"110 30/R, 28/L, 24/S, 28/W",, 本科Top30 211,jerrypiglet
1200,150+168+3.0,WAIVED,  3.72, 海本,remix
1202,152+167+3.0,98,  3.5/4.3, 本科：北大，清华，科大，中科院，特色学校牛专业,lymustc
1203,151+168+3,100(s19),  83.3/100, 本科Top15 211,listen8019
1215,153+167+3.5,103(s23),, 本科：南大，浙大，复旦，上交,MMaiGRE
1218,151 164 3.0,87,  3.3, 本科其他211,starwp
1220,329+3.5,97（S22）,, 本科：北大，清华，科大，中科院，特色学校牛专业,lhjbj
1221,V151+Q165+4,107（S23),  3.3, 本科Top30 211,srxiaoj
1222,151+168+3.5,107(s23),  92, 本科Top15 211,nanaslipdada
1223,314+3.0,96(18),  3.51, 本科Top30 211,hanyu
1232,157 + 170 + 3.5,109(24),"  4.57/5, 10/160", 本科Top30 211,albusshin
1238,323+3.5,101,, 本科：南大，浙大，复旦，上交,nnwoshinn
1239,318,waived,  3.4/4.0, 海本,李大牛
1242,318(153+165),102(S22),  3.75/4.3; Major 4.05/4.3, 海本,北游少年
1247,160+167+3,29+27+22+25=103,  87.2, 本科Top30 211,jodeapple
1248,1360+3.0,102,, 本科其他211,yiding2012
1250,152 + 167 + 3.5,106 （S22）,  85，major 88，rank 6/31, 本科其他211,CeciliaM
1253,153 170 4.0,117（30 30 28 29）,  87/100，6/40, 本科：南大，浙大，复旦，上交,面无表情
1255,147+166+3,,  3.64, 海本,rover
1257,320+3.0(150+170),104(30+22+23+29),  3.62/4.0, 本科Top15 211,hjx447297354
1259,148+170,92,  84,,z1994
1262,159+168+2.5,96,  3.53/4, 本科Top15 211,themis00
1270,319 3.0,100(20),,,neverland785
1271,165+170,108,, 本科：北大，清华，科大，中科院，特色学校牛专业,surdcn
1272,163+170+3.5,119,  91/100, 本科：北大，清华，科大，中科院，特色学校牛专业,bessywang1993
1276,"170,160,4.5, 330","30,30,28,27, 115",  3.73, 海本,alexontheway
1277,316 V149 Q167 3,105 R28 L24 S26 W27,  83, 本科：北大，清华，科大，中科院，特色学校牛专业,mqcherry
1280,151+170+3.0,100(23),  89, 本科：北大，清华，科大，中科院，特色学校牛专业,UpDownDOTA
1281,152+169+3,93,  Top 5%, 本科：南大，浙大，复旦，上交,New613Life
1286,149+167+3.0,29+28+24+23=104,  3.3/WES TOP20%, 本科其他211,喵星人阿布
1289,154+167+3.5,105(23),  3.5/4.0 浙大算法, 本科Top15 211,Hmzzz
1291,,Waive,  3.7/4.0, 海本,DangerousMJ
1292,153+166+3.0,Waive,  3.83/4, 海本,csy921125
1297,323+3.0,102,, 本科：南大，浙大，复旦，上交,laiguojiuhao
1301,149+170+3.5,94(S:20),  86，major,88 （1/92）,UCLA_andy
1318,V158 Q170 AW4.0,R30+L22+S22+W27 = 101,  Rank 40%, 本科：北大，清华，科大，中科院，特色学校牛专业,J-Miao
1322,328,waive,  3.74, 海本,shenroong
1324,155+170+3.5,104(24),  3.7, 本科Top15 211,superxiaoding
1325,320+3.5,98(S19),  76/100, 本科：北大，清华，科大，中科院，特色学校牛专业,mayyyyyy
1329,154+167+4.0,108（s23）,  89.2（算自己修的CS课）, 本科：北大，清华，科大，中科院，特色学校牛专业,leyichm
1362,153+170+3.5,26+26+19+30=1,  3.59、4.00, 本科Top30 211,sharpyyoung
1365,322,105,  83, 本科Top15 211,kcidymckus
1370,325,107(S24),  3.76/4, 本科Top15 211,sherry900629
1376,323,105,  91, 本科Top15 211,wanghwadad
1379,142+168+3.0,99(S:20),  3.24 5/32, 本科Top30 211,skiphoop
1391,315+3,97 S19,  3.78/4, 本科Top30 211,xuzhiyuan1528
1408,,,  3.74/4, 本科Top30 211,apologize119
1412,152+170+3.5,104(23),"  3.68/4.0, 8/70", 本科：南大，浙大，复旦，上交,rp_cai
1416,151+170+3,103（23）,,,aimar_07
1417,,101,  前10%, 本科Top30 211,一席寂然
1418,,,  3.63, 本科非211,jiamuxeuer
1424,170+154,102,, 海本,zhangjiweikiwi
1426,320(3),102(23),  3.2/4.0 top10%, 海本,Joe.TANG
1428,v162q165,110,, 本科非211,haiyan
1429,154+166+3.0,102(S18) 96(S23),  88.7, 本科：南大，浙大，复旦，上交,ShawnG
1432,317,101,  3.4, 本科Top15 211,magorium
1434,157+170+3.5,109（22）,  86.76, 本科Top30 211,小蝈蝈
1438,154+167,104,, 本科：南大，浙大，复旦，上交,yanzhufanchen
1445,,,  3.4, 本科Top30 211,xuehongfa
1449,320+3,100(s23),  87/100, 本科Top30 211,zhangdakan
1450,325+3,97(19),  86/100, 本科Top15 211,hikigeki
1462,156+166+3.5,IELTS 7.5 (单项不低于6.5),  88.6/100; UCI, 3.71,JerryCheung
1469,147+163=310 AW=3.0,92(s:22),,,justin1534
1472,147 168 3.0,96 S:22,  86.75, 本科Top15 211,工图新一
1474,327,106,,,LLLLLIIIII
1476,149+169+3,103,  83/100, 本科：北大，清华，科大，中科院，特色学校牛专业,fillchar
1487,323+3.5,101（22）,  86.8, 本科Top30 211,Kevin946939
1489,152 170 4.0,,  3.5/4, 本科：南大，浙大，复旦，上交,zhangrf
1491,没考,没考,, 本科Top15 211,zeazy
1497,144+170+4,103（23）,  3.7/4, 本科Top15 211,shadow7429
1503,154+169+3.5,101(23),  84.56, 本科：北大，清华，科大，中科院，特色学校牛专业,vzhudiv
1511,,,  88.05 (2/117), 本科Top15 211,小夹子
1532,319,107,, 本科Top30 211,liaoaoyuan
1541,"Verbal 153, Math 168, Writing 3.5",,, 海本,ntooto
1548,157 + 170 + 3.5,101 (s22),  GPA," 92.2, Rank",SophieLiu
1550,,,  3.5/4.0, 本科Top30 211,tommylin
1867,Verbal 94% Math 100% AW4.5,,, 海本,OneHeart
1868,151+170,103,  3.53, 本科Top30 211,perthblank
1869,331+3,105,  85,,jigsaw_Becky
1871,308=V144+Q164+AW2.5 (丢人的低分),82=R24+L20+S19+W19 (丢人的低分),  79/100(WES,3.01/4),U.S.A
1877,147+167+3.5,96(s20),, 本科非211,tcsoo_
1878,328(3),98(19),  87.9, 本科Top30 211,Hellcat
1888,,,  psychology, 本科：南大，浙大，复旦，上交,Liaeve
1889,157+168+3.5,WAIVE,  3.66/4.0， 1/44, 本科Top15 211,ieijkd
1890,V150+Q170 = 320 + AW 3.0,R27+L28+S20+W28 = 103,  3.39/4, 本科Top15 211,安如画
1893,157+170+3.0,29+28+23+29=109,  84/100. 19/33, 本科：北大，清华，科大，中科院，特色学校牛专业,saeryn
1895,"320 = 150V + 170Q, 3.0",99 = 30R + 25L + 19S + 25W,  3.32, 本科非211,chuqixiaozhu
1904,324+3,106(23),  3.73/4 (89.2/100), 本科Top30 211,ForeverZard
1909,,,  3.4/4, 本科其他211,yuyuyu0905
1919,154 170 3.0,95,  3.91 3%, 本科非211,ggoddawn
1920,320,90,  3.7/4.0, 本科Top15 211,hahamty
1935,320,92,, 本科：南大，浙大，复旦，上交,靖海听潮
1937,150+170,101,  89, 本科Top15 211,wjq987564321
1944,153+167+3,103,, 本科：南大，浙大，复旦，上交,理致远
1951,316,,  3.6, 海本,illc1991
1955,320+3.0,104(S22),, 本科Top15 211,vivienqqqq
1956,150/170/3.0,,  3.8/4, 本科非211,jiaowcg88
1959,326(156/170/3.0),104(22),  3.15(5/13), 本科：北大，清华，科大，中科院，特色学校牛专业,dokolo
1961,127,104,  3.8+, 本科：南大，浙大，复旦，上交,CindyWen
1962,325+3,110,  3.7, 海本,Sindy_
1966,318,105,  84.3, 本科非211,Aix
1973,,98,, 本科非211,msj6185
1976,324+3.0,106,  3.80, 本科Top30 211,determing
1979,V152+Q168+AW3.5,R29+L26+S23+W26=104,  3.5/4.0, 本科其他211,liuyelei0621
1981,,,  3.15, 本科Top15 211,pengpengwei
1982,150+170+3.0,R28 + L28 + S19 + W26 = 101,  3.16/4, 本科：南大，浙大，复旦，上交,dczmydc
1983,322,105,  90.88, 本科其他211,yzcaoye
1984,,,  2.92, 本科非211,hochipun
1986,317,91,  3.79 WES, 本科非211,bentan_007
1992,317,97,, 本科Top15 211,brightyang
1993,,,  均分90, 本科非211,ssphia
2008,150+170+3.5,waive,  3.7, 本科：南大，浙大，复旦，上交,jzdaizeyu
2010,159 170 329,30 29 24 28 111,  3.9, 海本,zblzcj
2015,155+170+4.0,106(S23),  93.3/100, 本科Top15 211,steveyang94
2023,328(V158+Q170)+4.0,R29+L29+S20+W27=105,"  93.51/100, 3.92/4(WES), 1/137", 本科Top15 211,lym953
2034,310,89,, 本科Top30 211,popolee
2037,147/170/3.5,105  (19),  83.4, 本科：南大，浙大，复旦，上交,tsuruya
2042,319+3.5,98,, 本科：南大，浙大，复旦，上交,Ciciright
2044,155 170 3.0,100(22),  90.4, 本科：北大，清华，科大，中科院，特色学校牛专业,goha111
2047,323,106,  3.3,,JerryLi
2057,149+170+3.5,28+29+26+28=111,  3.67/4 2/110, 本科Top30 211,sdlny
2063,157V+170Q=327,,  3.66, 海本,timatim
2065,150 170 3.5,29 26 22 27,, 本科非211,Aloysia1225
2066,320,30+24+23+29,  3.5, 本科：南大，浙大，复旦，上交,苏缘Suyuan
2072,324 3.0,104,  3.0, 本科非211,h707705427
2074,153 170 3,97 s22,  83.1, 本科Top30 211,李土它
2075,150+170+3.0,104,  86.38, 本科Top15 211,dongsgnod
2080,152+164+3.0,94(19),  85/100, 本科Top15 211,ywhust
2081,153+166+3,104(23),  3.39/4, 本科其他211,fanta
2082,319+3.0,95,  3.25/3, 本科Top15 211,zhiz21
2083,147+170+3,99(s22),  3.04/4.00, 本科Top15 211,tonycy0
2085,152+170+3.0,IELTS 6.5,, 本科Top30 211,Frank_ljw
2093,158/165/3.0,waive,  Ranking 1/166, 本科Top15 211,y_form
2094,V158Q170AW4.0,R28L28S22W28=106,"  3.73,3.93", 本科：南大，浙大，复旦，上交,李十一次郎
2096,154+170+3.0,105(S24),  86.7, 本科Top15 211,JBY2016
2097,,,  3.91/4, 本科：南大，浙大，复旦，上交,锦字难偶
2098,324+3.5,109,  3.96, 本科：南大，浙大，复旦，上交,laurantmanaco
2099,159+170+4.0,,  3.87, 海本,terryliutc
2103,327+3.0,109(23),, 本科：北大，清华，科大，中科院，特色学校牛专业,jty2005
2105,157+167,,  3.72, 海本,kingkingkiki
2107,,,  3.85 / 87, 本科：南大，浙大，复旦，上交,musteryu
2111,720,106（24）,  3.3/4，WES 3.42,,Gloria_S
2112,无g,无t,, 海本,ShangShang123
2113,317,105,  75+, 本科：北大，清华，科大，中科院，特色学校牛专业,wwxhero
2114,148+170+2.5,n/a,"  overall 3.89/4, major 3.98/4", 海本,wlj2100
2115,,,  3.3/4, 本科Top15 211,路人甲子
2119,316,98,  89.6, 本科其他211,cc9895
2120,321,103,, 本科Top30 211,mt.Arch
2122,322+3,97,  3.7/4, 本科其他211,solar12138
2125,150+168+3.5,95,, 本科Top30 211,amanda9819
2126,324+3,IELTS 7.0,  3.17/4, 本科Top30 211,laobulang
2130,322+3,101,  86.9, 本科Top30 211,wnbaicai
2141,325 V155 Q170 AW3.5,101 S20,, 本科Top15 211,hitnoah
2150,326,109,  85, 本科Top30 211,marooned
2151,322+3.0,102,  3.4/4.0, 本科：北大，清华，科大，中科院，特色学校牛专业,lipopoxin
2152,142 + 165 + 3.5,Waive,  3.70, 海本,weihe2015
2158,313,95,  3.17, 本科其他211,乌龟大师
2161,148+170,94(22),  3.26, 本科Top30 211,Michal
2163,,107,, 本科：南大，浙大，复旦，上交,2016fallsteve
2164,328,104,,,okayfaner
2173,147+168 (3.0),96(20),  85 23/279, 本科Top15 211,潇湘pooh
2175,158 168 3.5,30 30 24 25 (109),  3.47 / 4.00, 本科：南大，浙大，复旦，上交,maticzc
2180,320+3,106(s23),, 本科Top30 211,LeeHooray
2187,320（V155 + Q165）， AW 3.0,雅思 7.0 （S 5.5）,  3.42/4， 30%, 本科Top30 211,喵大侠君君君
2188,328+3.5,111,  3.70/4.00, 本科Top15 211,phantomape
2196,157+168,106(23),  3.4/4, 本科Top15 211,crth
2203,321(153+168+3),101 (S22),  3.6/4.0, 本科Top15 211,西西可橙
2206,149 170 2.5,96,  86, 本科Top30 211,lilydiaz
2212,"152,167,3.0",81,  81.11/100, 本科其他211,jqbym
2219,319+3,100,  3.57/4, 本科：南大，浙大，复旦，上交,whitevh
2220,V 155 Q 170 AW 3,,  3.91/4.00, 海本,wuditharll
2221,327+3,105,  90/100 rank 5/110, 本科Top15 211,ljzml
2226,320,111,  90, 本科Top30 211,燃烧男
2231,"321,v157,q164,aw3.5",115(s27),  3.36, 本科Top15 211,chuyang
2233,160 168 3,,  3.9／4, 海本,lwill
2243,153＋67＋3.5,102 26,  3.16（30%）, 本科Top30 211,feifeijiejie
2248,144V+167Q+3.5W,,  3.74/4.00, 海本,哈哈笑个傻
2250,144+165=309,95/IELTS 7.0,  85, 本科Top15 211,s360564346
2252,144+168=312  AW 3,90(S19),  3.2, 本科非211,Anthonyrain
2266,153+170+3.5,108，S23,, 本科：南大，浙大，复旦，上交,pwwpche
2270,,,  3.2, 本科Top30 211,fay067
2277,,,  3.2/4, 海本,sky00high
2280,319(154 3.0),101(23),  84.8, 本科其他211,仔仔同学等offer
2281,149+170+3.5,104(s 23),  3.6, 本科Top15 211,susanaisai
2288,323+3（V156 Q167）,110（R30 L29 S27 W24）,  3.7/4.0, 本科Top30 211,jason_wang
2290,,,  3.75, 海本,fuqianran
2291,,97,, 本科：南大，浙大，复旦，上交,7andsowhat
2297,327（3）,97（20）,  3.4, 本科Top15 211,甜心
2301,323+3.0,105,  3.3, 本科Top30 211,609064231
2303,156+170+3,106 (26),  3.63 wes, 本科Top30 211,astrid0221
2305,325+3.5,108（22）,  3.52，17%, 本科其他211,FlynnWang
2312,324,102 (23),  89.89, 本科Top30 211,hi_ydy
2313,324+3,104,  3.73/4.0 1/26, 本科Top30 211,yyypasserby
2315,322/152/170/3.5,,  3.93/4, 海本,hopezmr
2318,319,107,  4.6/5.0  5%, 本科Top15 211,citystrawman
2319,,,  3.43/4 rank,4.8%,ysz0115
2323,324,103(26),  3.8, 本科Top15 211,CharlesLeeSysu
2327,153+170+3.5,w26+r25+s26+l28=104,  3.31, 本科：北大，清华，科大，中科院，特色学校牛专业,ryermit
2335,320,106,  3.6, 本科非211,qmn199232
2336,,,"  3.67/4.0, Rank 2/5", 本科非211,majia67
2338,152+170+3,105(S23),  86.21/100, 本科Top15 211,y6180070
2353,,,  88.2/100, 本科Top30 211,zhaotong0312
2357,325+4.0,115,, 本科：南大，浙大，复旦，上交,ellewoods2015
2368,320+3,103,  89.95/100, 本科其他211,黄金霸者
2378,324+3,97,  3.71/4, 本科其他211,kevinishere
2382,165+154+3/170+149+3.5,"28,23,23,25--99",  85, 本科Top30 211,chuck_long
2384,320(3.0),103,  3.7/4.0, 本科Top15 211,immiao
2385,152+170+3.0,101（s20）,  3.87, 本科：南大，浙大，复旦，上交,namelessness
2396,325+3,101,,,h497018787
2401,,,  3.25/4.0 or 83.37/100, 本科Top15 211,Alfredfeng
2404,157+170+3.5,98(19),  3.7/4.0, 本科Top30 211,paopao12345
2405,157+170+3,99(19),  86/100 RANK10/97, 本科Top15 211,clownxiao
2409,327 3,106,, 本科：南大，浙大，复旦，上交,comeon
2414,152+170+4,94,  3.22, 本科：南大，浙大，复旦，上交,oliviahoneyhu
2418,155+170+3.0,99(20),  88.5, 本科Top30 211,mpgszhyh
2419,"156, 166, 3.0",105(20),  89/100, 本科其他211,chuanshuozhiyi
2421,324 3,105（20）,  88.3/100, 本科Top30 211,aaaakristy
2424,324+3.5,112,  88/100, 本科：南大，浙大，复旦，上交,rafaliang
2436,152+168,109,  3.7/4.0, 本科Top15 211,mikemoto
2455,,,  3.9/4.0，专业第一, 本科Top15 211,linjiaweiok
2463,163+170+4,112（24）,  3.1/4（WES）, 本科Top30 211,vegito2002
2469,331,100,  3.56/4, 本科：南大，浙大，复旦，上交,hypsm
2485,,,  3.25/4, 本科Top15 211,gyzjay
2487,V152 M170 W3.0 322,R30 L27 S23 W24 104,  3.9/4.0，13, 本科Top15 211,eve178
2489,318+4.0,103,  86.81 RANK 3/100, 本科Top15 211,阿童木
2490,,,  3.64(4), 本科Top30 211,z-ling
2497,326+3.5,107,  85, 本科Top30 211,tyraell
2513,170+150,100,, 本科其他211,ykben
2524,327+3,100,  3.77 1%(219), 本科Top15 211,zzw
2525,327(157+170) AW3.0,106(S24),HK,  3.5/4.3(10%),hyzl1sdo
2526,320,105,  3.48, 本科：南大，浙大，复旦，上交,carly900
2528,314 (AWA3.0),94,  大学 86/100 研究所 91/100,,jasoncn123
2530,324+3.5,100(22),  89.72/100, 本科Top30 211,jiangxu456
2531,,,  3.66, 本科Top30 211,jessiegao
2533,329,106,  3.68/4, 本科Top30 211,liuguiliang123
2540,,,  3.8, 海本,firstfish1993
2547,147+165+3.0,85（17）,  80/100, 本科Top30 211,zhuzhuhoho
2549,324+3.5,102,  85, 本科：南大，浙大，复旦，上交,xyh
2553,326,,  3.86, 海本,jerrywangzi
2556,,,  3.5/4.0 排名,50/300,portofino
2566,152， 168， 4.5,waived,  3.67, 海本,go7going
2572,320-（渣）,98,  3.26, 本科：南大，浙大，复旦，上交,sjtuchris
2577,150+170+3,101(s22),  85/100, 本科Top30 211,SherryYu
2578,V152 Q164,96(22),  83.5/100, 本科其他211,oumizx
2589,318,100,, 本科Top15 211,helen14
2591,V152+Q170+AW3.5,S23+R30+L30+W27=110,  3.64/4.0  2/118, 本科Top15 211,洱海沧浪
2598,,,  3.9, 海本,ann_good2005
2602,327,102,  3.7/4.0, 本科：南大，浙大，复旦，上交,sbf1994
2604,322,104,, 本科：南大，浙大，复旦，上交,fjj0916
2605,152+170,100,  GPA 3.3, 本科Top30 211,Funky_QiQi
2612,150+167+3,90+,, 本科非211,richkate
2613,322+3,106,  79.3/100, 本科Top30 211,pplayboyy
2614,314,86,  85.5, 本科Top30 211,wad
2625,,waive,  3.5, 本科Top30 211,coderredoc
2628,,,  3.52, 本科Top30 211,kobeliujie
2630,326(V156 Q170)+3.0,108(R29 L28 S26 W25),  88.5/100 (3.65/4), 本科：北大，清华，科大，中科院，特色学校牛专业,hbisheng
2633,154 164 4.0,29 29 22 29,, 本科其他211,lisalinner
2638,1350,97,, 本科Top15 211,xiaojiujie
2639,150+170=320，写作3.5,27+27+22+26=102,  3.66/4 成绩中游水平，具体排名不知道, 本科：南大，浙大，复旦，上交,243630184
2641,318+3.5,101,  WES GPA 3.42, 本科非211,wjw2022
2645,"V148, Q170, AW3.0",,  86, 本科Top30 211,kristenwang23
2646,155+169+3.0,104,  3.5/4.0, 本科Top30 211,怒风逐日
2660,323,101,  83, 本科Top30 211,sensir
2662,322+3,104,  17/184, 本科：南大，浙大，复旦，上交,itsjoox
2666,147 170 3.5,99,  89/100，2/50, 本科非211,JingW0212
2669,316 (V:146 Q:170) AWA:3.0,94 (R:26 L:23 S:23 W:22),  3.94/4.0排名, 20%,punk86862011
2671,329+3.5,105(S24),  85, 本科Top30 211,pwwpcheng
2678,321,106,  88, 本科其他211,jihengzuanyong
2692,151+170+3,103（23）,, 本科Top30 211,端倪
2694,326+3.0,考了好几次T，都是90左右，已经不记得哪个学校投的哪个分数了。。。总有弱项。,  3.7, 本科Top30 211,eveshsh
2699,152+164+3,101(20),  3.64/4, 本科Top15 211,little_littfish
2701,327+3,104(22),  3.89, 海本,洗脑进行中
2702,322,102,  84.5/100, 本科Top30 211,wy3966
2708,332,107,  89, 本科Top15 211,离人笑
2709,324+3.5,108(23),  88%, 本科其他211,ctrlaltdelete
2714,327,106,  3.96, 本科Top15 211,slothOn
2715,,,  91.25 4分制3.63 ranking12/325, 本科Top30 211,laahaa
2716,,,  3.6/4.0, 本科非211,samurai_sz
2719,159 167 4,29 29 27 27 112,  85, 本科：南大，浙大，复旦，上交,smilingsoul
2723,163+168+3.5,IELTS7.5,  4/91, 海本,顶塔狂魔黄继光
2739,149+166+3.5,27 25 23 25(100),  84.7/100, 本科其他211,wanghx
2740,152+170+3,waived,  2.64, 海本,lishiming9
2744,322,106,  3.6, 本科Top30 211,wwyiyi
2746,,,  3.8, 本科其他211,pirateshadow
2747,151+163+3.0,,  3.62, 海本,dianedan
2760,316,85,  3.5, 本科其他211,0825jie
2761,320/3,101/s23,  3.64/4, 本科Top30 211,Seddas
2762,325,105,  3.89, 海本,ailsa4v
2763,149+167=316,26+26+22+22=96,  88, 本科其他211,潜水小鱼
2764,158+170+4,110(23),  3.99/4, 海本,MayYao
2766,332(162+170+3.5),108(27+29+23+29),  3.41, 本科：南大，浙大，复旦，上交,ultimecia7
2772,322,111,  87.7, 本科Top30 211,南方Giraffe
2776,319,94(19),  3.8/4, 本科Top15 211,songhm
2780,,,  84/100, 本科Top15 211,Michelleeeeee
2782,149+170+3,106(s23),  89.22(major 92.69)  1/300, 本科Top15 211,Harlan
2787,141+168+3.0,97 (s23),  3.83/4.0 Rank 2/140, 本科Top15 211,ryan7six
2791,316,100,, 本科非211,wakebb
2792,316,92 (S: 26),  3.19, 本科其他211,小张同学
2796,154+170+3,100（18）,  86/100，20%, 本科：北大，清华，科大，中科院，特色学校牛专业,Casesensiti
2808,325+3.5,107(S22),  3.2, 本科：北大，清华，科大，中科院，特色学校牛专业,dreamdew
2810,316,92,, 本科其他211,jasonxzh818
2811,,,"  3.6, 25/425", 本科其他211,jimrex
2815,154+168=322,30+26+22+23=101,  88.5  2/88, 本科Top15 211,tinysunhj
2817,150+170+3,Waived,  3.76/4, 海本,0.0sun
2820,148+170+3.0,,, 海本,omgzero
2822,156+170+3.0,102(23),  3.70, 本科Top30 211,anniepxl
2823,157+170+3.5,106(S23),  3.77/4.0   5/80, 本科：南大，浙大，复旦，上交,gaoyuan19930220
2824,320,waived,  3.7, 海本,cammyluffy
2825,160+170+4,waived,, 本科Top30 211,ivanifan
2829,,,  major 91.2, 本科Top15 211,JimmyZ
2833,320,101,  89/100 major92.5/100 rank1, 本科非211,Collision
2837,152+170+3.5,101（S19）,  3.7/15, 本科Top15 211,yipsama2
2838,"331 (161, 170, 3.5)","109 (30, 28, 27, 24)",  86, 本科：北大，清华，科大，中科院，特色学校牛专业,naco_siren
2839,159+167+3,雅思7,  3.49, 本科其他211,小学豆豆
2842,143+170+3.5,,, 本科Top15 211,Sin
2844,226+3,105（22）,  92.82, 本科Top15 211,sxm2357
2845,V153 + Q170 + AW4.0,waived,  3.83/4.00, 海本,CoolCapri92
2850,321,106,, 本科Top30 211,blairmn123
2853,163+170+4.0,107(S 23),  89/100, 本科非211,adsafsadf
2854,318,108,  3.69/4.0, 本科Top15 211,zhangxi1994
2856,327,112,  80/100 4.0/4.0, 本科：北大，清华，科大，中科院，特色学校牛专业,nickdgu
2857,324+3.5,112,, 本科：南大，浙大，复旦，上交,拿衣服
2860,311+3.0,91,  3.14, 本科非211,sunson331
2861,149+167+3.0,22+16+20+22=80,  2.8（WES）, 本科其他211,xavier90
2873,317,Waive,  3.64, 海本,linx0544
2875,322+3.5,102,  3.85/4, 本科Top30 211,sdlcenjoy
2878,162+170+3.0,108(S 24),  3.9, 本科：北大，清华，科大，中科院，特色学校牛专业,levythu
2879,158 + 170 + 3.0,R:28+L:29+S:23+W:26 = 106,  3.85(1/80), 本科：南大，浙大，复旦，上交,firebb
2881,154+170+3.5,105(s22),  3.9, 本科：南大，浙大，复旦，上交,nblintao
2882,327+4.0,110,  91, 本科：北大，清华，科大，中科院，特色学校牛专业,phisiart
2897,328＋3,101,  3.11, 本科Top30 211,Dangyi0811
2899,151+164-315+3（又是315总觉得有诈）,25+22+22+24,  92.6/100 1/95, 本科Top30 211,flyfollowing
2901,319,104,  3.72/4, 本科：南大，浙大，复旦，上交,Alice_koi
2903,317+3,94(S23),  3.0, 本科Top30 211,massa16
2904,145+170+3.5,100,  3.3（4/49), 本科Top15 211,白菜3383
2905,147 170 3.0,waive,  3.2, 海本,l4zhou
2906,,,  3.3/4, 本科其他211,Noah1994
2916,,,  85.5/100, 本科：北大，清华，科大，中科院，特色学校牛专业,tom10ye
2918,318+3.5,100(23),  3.75, 本科非211,dhend
2920,147+170,,, 本科Top15 211,melindali
2935,321,97,  84/100, 本科非211,2003moon
2948,315+3,99,  3.1 82, 本科Top30 211,liuxiaoyu1992
2950,312,95(19),, 本科非211,hot13399
2951,321（154 167 3.0）,103 S22,  3.84/4.00, 本科其他211,Susan627
2957,325,109,  3.98/4, 本科：南大，浙大，复旦，上交,zhangwengame
2958,,,  3.62, 海本,nbchao
2961,324 / 3.5,107, Computer Science , ,fishlinghu
2963,327(3),102(23),, 本科Top15 211,llixu
2966,,,  3.6, 海本,guanlun
2973,,108(听力阅读满分),  3.7/4.0 最后2年4.0/4.0, 本科Top15 211,luosh5
2974,323,106,, 本科其他211,novemberay
2975,159+170+3.0,104（23）,  WES 3.56/4.0 Overall 3.67/4.0 Major, 本科：南大，浙大，复旦，上交,chenboy
2977,154+170+3.0,102,  3.45/4, 本科Top15 211,黑客与画家
2978,152+170+3,101（23）,  3.7/4.0，52/257, 本科Top15 211,csyhhu
2999,330(V:162+Q:168)+AW:3.5,108(S:24+R:30+L:27+W:27),  86.33, 本科Top15 211,darkknight18
3004,157+168+3.5,104(19),"  3.72/4, 3/21", 本科：南大，浙大，复旦，上交,nikki3128
3017,,,  3.95/4（ZJU算法）1/79, 本科：南大，浙大，复旦，上交,imdn
3040,151+170,,, 本科Top15 211,zoe0612
3046,316,91(S23),  3.3/4, 本科其他211,橘歆卡卡
3047,,,  3.4/4, 本科Top30 211,an小淇
3048,326,101,"  3.4/4.0(专业课3.6/4.0),20/100", 本科Top30 211,ada要offer
3059,326,,  3.83, 海本,truffer
3060,155+170+3,107（S22),  88/100, 本科Top30 211,wjc
3069,320,102,  85, 本科Top30 211,soarbus
3073,160 + 166 = 326 W:3.0,28 + 27 + 23 + 27 = 105,  3.4/4, 本科非211,dushi792
3076,152+170,100,  4/3.8, 本科Top15 211,倚天开鞘
3079,155+168+3.0,IELTS 7,  3.61/4,, xiaovid
3083,3,102,, 本科Top15 211,waftaves
3090,327,102,  3.5, 本科：南大，浙大，复旦，上交,不再当水军
3094,330+3,100（S20）,  3.81, 本科Top30 211,hjj123567
3103,Q:168 V:166 AW:4.5,,, 海本,onept3acr3s
3112,320+3.5,96(23),  82.6, 本科Top15 211,超凡奇岩
3115,325+3.5,108（23）,  85.2/100, 本科：南大，浙大，复旦，上交,yevita
3117,327 (3.5),102 (20),  3.45/4.30,,lazywei
3118,,,  3.56/4.0, 本科Top15 211,crazigoal
3119,150+170+3.5,R29+L28+S22+W25=104,  4.72/5， Rank 5/160, 本科Top15 211,mxw699
3120,,,  80.1 排名大约150/300？, 本科Top15 211,tyrionz
3124,323+3.0,99 (S22),  3.89/4.0, 本科Top30 211,orange_leave
3127,154+164+3.0,107(S23),  3.54/4, 本科Top15 211,stlm1991
3130,,,  3.9, 海本,seanxl
3132,322,82,  86/100，前30%左右, 本科Top15 211,nappingbird
3133,,,  86.7(9/89), 本科：北大，清华，科大，中科院，特色学校牛专业,家花没有
3136,324(3.0),102(18),  3.66, 本科：南大，浙大，复旦，上交,dongxinb
3139,320+4,29 28 23 29 109,  3.7, 本科：南大，浙大，复旦，上交,niloiv
3140,146+167=313,28+25+22+28=103,  3.5/4.0, 本科：南大，浙大，复旦，上交,gumendier
3142,,,  88.5/100.0 Ranking, 19/200(10%),xsh6528
3143,150+168+3.0,95,  88.45/100 1/61, 本科：南大，浙大，复旦，上交,raxowei
3144,159+170+3.5,30+30+24+27=111,  89.3/100, 本科Top30 211,hk060655
3146,156+170+3.5,108(s22),  92/100, 本科Top15 211,zjcv2012
3148,157 + 170 + 4.5,,  3.6/4,,tljameswade
3156,,96（L20,  89.5, 本科其他211,wsyhya
3157,328+3.5,106,  87／100, 本科Top30 211,Mr.Lin
3158,320+3.5,98,  89.5, 本科：北大，清华，科大，中科院，特色学校牛专业,hcl0601
3168,324,100,, 本科：北大，清华，科大，中科院，特色学校牛专业,ephemeron
3172,630+800,94 (22),, 本科其他211,stone1223
3175,320+4.0,102（24）,, 本科Top30 211,hyxlzyw
3177,,,  87.3/100, 本科Top15 211,人卓卓
3180,151+170+3,28+27+22+24=101,  85.7/100 5/88, 本科Top30 211,lilyya
3183,V152 Q170 AW2.5,R28 L24 S23 W25 100,  88.6/100 Rank, 3/41,liute62
3186,323/3.0,102/23,, 本科Top15 211,samparly
3187,321,102,"  3.81,88(3/244)", 本科Top30 211,davidzxs
3193,153+170+3.0,IELTS 8,  3.54/4.0 (WES), 本科：南大，浙大，复旦，上交,luttmm
3194,320+3.5,100(23),  88.4, 本科：南大，浙大，复旦，上交,tinyrookie
3197,,83,, 本科Top15 211,熊脚mm
3198,165+170+4.0,114,  3.79, 海本,mralwaysright
3203,,,  3.74/4 浙大水算法 4/64, 本科Top30 211,kevinanu
3208,151+170+3.5,25+24+20+25,  3.73/5.0, 本科Top30 211,warlock333
3210,325+3.5,101,  3.5/4.3, 本科：北大，清华，科大，中科院，特色学校牛专业,olalalalalalala
3211,155+170+3.5,107(S23),  TOP 10%, 本科Top30 211,凝弦望夜
3214,144 170 3.0,101 s22,  3.5/4, 本科Top30 211,iakul2
3216,321,91,  86, 本科Top30 211,huangyy1995
3224,152+168+3,28+30+22+26=106,  3.2/4, 本科Top15 211,自己人
3228,321+3.5,90,  85.4, 本科Top30 211,multicia
3230,152-168-4,29-26-23-26-104,  85/100, 本科非211,adrianluan
3235,318+3,109(S26),  86.93, 本科：南大，浙大，复旦，上交,ycai
3239,,,  3.3/4.0，排名不详, 本科：北大，清华，科大，中科院，特色学校牛专业,兜兜笔
3246,322,101,,,tsaitao
3248,V158 Q167 3.5,,  3.7, 海本,imweihuang
3249,316,95,  3.75（浙大算法）排名（38/192）, 本科：南大，浙大，复旦，上交,zjuzqj
3251,155+168+3.0,106（22）,  3.59/4，20, 本科：南大，浙大，复旦，上交,mikealive
3252,158+167+3.0,102(S22),, 本科：南大，浙大，复旦，上交,chenmingda
3253,144 170 3,104,  3.48, 本科其他211,laviniatx
3258,154 + 168 + 3,97（19）,  85 major 87, 本科Top15 211,MapleZ
3259,323+3,105,, 本科Top30 211,zoezhang
3274,328,海本免,, 海本,vitac215
3287,327+3.5,103,  3.3/4, 本科非211,宁诺扫地僧
3289,321,97,  88.28/100, 本科Top15 211,liukejun
3306,318+3.5（148）,91（20）,  3.15/4（4.0改进算法）, 本科其他211,ChaceLei
3320,324+3,97(23),  86.8, 本科Top30 211,shijianshi9860
3326,318+3,100(s19),  89/100, 本科Top30 211,Had
3334,155 + 170 + 4,109,  7/122, 本科：南大，浙大，复旦，上交,bingo1995
3336,323+3,101(写作22）,  3.73/4.3, 海本,mmis007
3338,,,  88/100   2/78, 本科Top15 211,sr931112
3339,,,  90.22/100, 本科Top30 211,telotic
3340,330+4.0,104(23),  89/100, 本科Top15 211,ab123dop
3341,157+170+3.5,104(S23),"  87/100, 5/114", 本科Top15 211,shchshhappy
3342,V158 Q166 W 3.0,108(30 30 22 25),  87.41/100，rank 17/297, 本科其他211,LydiaLiu
3343,166 + 170 + 3.0,104,, 本科：北大，清华，科大，中科院，特色学校牛专业,csddff
3348,324+3.5,110,, 本科Top15 211,xiaoquanniao
3353,154+168+4.0,111,, 本科：北大，清华，科大，中科院，特色学校牛专业,linym012THU
3359,160+168+4,106(24),  3.96/4, 本科Top15 211,vitamin78
3362,157+170,102,  3.4, 本科：北大，清华，科大，中科院，特色学校牛专业,demonstrate
3372,324+3.5,107,  3.5+, 本科Top15 211,zhaojun
3376,331+3,104,  3.31, 本科Top30 211,松松的鞋带儿
3377,326(3.5),104(22),  86.9, 本科：北大，清华，科大，中科院，特色学校牛专业,jimmy94z
3378,157+170+3,107(W 28 L29 W28 S22),  3.79/4, 本科Top15 211,213123418
3385,323(3.5),101(S23),,,Evelyninjuly
3387,159+168+3,102（s23）,  wes结果3.23, 本科其他211,outstanding915
3389,316,雅思7,  WES 2.68, 本科非211,elyn
3399,,,  88.9/100, 本科Top15 211,飞翔企鹅
3400,154+170+3.0（之前有个）,97（s20）,  87/10%（major 89）, 本科Top15 211,SCIN
3405,154+170+3.5,111(23),  3.40/4, 本科：南大，浙大，复旦，上交,66666t
3406,"160, 170, 3,5",111,  88.6, 本科Top15 211,whoopss
3408,,,  88.96/100, 本科Top15 211,shenzhu0127
3409,324 + 4.0,110,, 本科：南大，浙大，复旦，上交,jsjtzyy
3411,325,102,  Top 15%, 本科Top15 211,cathvoilet
3416,,,  3.92/4.3, 海本,small.buxie
3419,315,99,  3.76, 海本,stu1130
3420,151+170+3,100,  90.3, 本科其他211,ps2che
3421,148+170+3,106=28+22+28+28,  3.7/4, 本科：南大，浙大，复旦，上交,kxzhao
3422,325+3,104,  92.3/100, 本科非211,Haikism
3431,161+168+3.5,97(s22),  3.92(北大水算法)/4 9/463, 本科Top30 211,GetMeNow
3433,324（3）,102（22）,  3.82/4.0, 本科：南大，浙大，复旦，上交,zjhzjhzjh1026
3446,,,  82.8, 本科：北大，清华，科大，中科院，特色学校牛专业,qwerte
3457,313,Waiver,, 海本,yuej
3460,319/3.5,95,  3.11/4.0, 本科Top30 211,schenkerx
3464,,,  3.7/4.3, 本科：北大，清华，科大，中科院，特色学校牛专业,Qinkun
3471,324+3.5,,  3.92, 海本,billlipeng
3477,315+2.5,84,  80, 本科Top15 211,xust
3478,320,93,  3.65, 本科Top30 211,markpen
3484,V:151 Q:170 W:3.0,R:28 + W:28  + L:25 + S:19 = 100,  GPA,3.48/4.3  平均分,haiwei624
3489,,,  89/100, 本科：南大，浙大，复旦，上交,gibson314
3501,V157 Q170 AW3.5,106,  85/100, 本科Top30 211,dvida
3506,,,  3.9 Rank 8, 本科：北大，清华，科大，中科院，特色学校牛专业,lxtlppl920
3507,,,  rank, 2/49,toutouliu
3520,325 3.0,109,  3.5/4, 本科：南大，浙大，复旦，上交,ZJNSJTU
3521,320+3,雅思7,  3.62, 本科Top30 211,jacketsu
3529,145+168+3,100(24),  3.27, 本科：南大，浙大，复旦，上交,fluu
3530,,,  3.97, 海本,zznhacker
3531,152+165+3,103(s23),  3.72/4, 本科：南大，浙大，复旦，上交,Deus
3532,155+167+3.5,"104, S:22",  3.46, 本科：南大，浙大，复旦，上交,maston14
3539,157+170+3.5,106,  3.69, 本科：北大，清华，科大，中科院，特色学校牛专业,shiyqw
3540,333(V163+Q170)+4,111(R30L30S23W28),  3.76/4（90.0/100）排名4/88, 本科：北大，清华，科大，中科院，特色学校牛专业,xf814
3541,334 + 4.5,119,, 海本,yzsuper
3549,329,109,  2/76, 本科Top15 211,464647730
3552,316,90,, 本科Top30 211,woshijl58
3555,152+170+3,29+26+22+24  101,  88.7 3/123, 本科Top30 211,yhy4567345
3567,157+170+3,101(s22),  3.6, 本科Top30 211,lizihao945
3577,153 170 3,100,  3.3, 本科其他211,改过自新
3579,324+3.0,92,  3.64/4  7%, 本科：南大，浙大，复旦，上交,lin88lin8850
3582,315(147+168)+3,101(S24),  Overall, 83.7(3.42/4) Major,MrMussi
3591,150+165+3,雅思6.5,  89.6, 本科非211,supersam1993
3592,315+3.5,102,  85/100, 本科：南大，浙大，复旦，上交,luke_recluse
3593,160+170+3.0；153+170+3.5,107（23）,  89.2/100，3/78, 本科：南大，浙大，复旦，上交,JackXia
3596,,,  85/100, 本科Top15 211,vision._.
3599,317+3,99,,,hss
3610,329+3,93,  83.81, 本科Top15 211,Psycho
3615,153+170+3,102(s22),  3.6/4, 本科Top15 211,Ryo
3623,327,106,, 本科Top30 211,wzyath
3630,154+169,,  3.56, 海本,xiaozegu
3634,152+170+3.0,108(s23),  90, 本科：北大，清华，科大，中科院，特色学校牛专业,zjlxwudan
3639,332,109,  3.9, 本科：南大，浙大，复旦，上交,vivian001
3642,,,  3.9+/4.00, 海本,HyperZealot
3652,,,  3.46, 本科Top30 211,catdog01
3654,327,103,  88, 本科Top30 211,o0V0o
3658,309 (146+160+3),95 (28+24+20+23),  87.19/100, 本科：北大，清华，科大，中科院，特色学校牛专业,zxuqian
3659,"V152+Q167=319, AW3.0",R29+L26+S24+W25=104,  85/100, 本科：北大，清华，科大，中科院，特色学校牛专业,northaqua
3660,321+3.5,103,  Top1, 本科Top15 211,Clare_Snowy
3662,323+3,105(S24),  3.9, 本科：南大，浙大，复旦，上交,Bran
3666,170 + 154 + 3.5,30 + 29 + 20 + 27 = 106,  3.95, 海本,si_rius
3668,不到320,不到95,  3.16, 本科Top30 211,wangsiwei
3671,151+170+3,雅思7(6),  3.82/4（89.2/100） 3/51, 本科Top30 211,翱翔天空的蜗牛
3673,331+4,111,, 海本,wolfgang1756
3688,155+170+4.0,27+27+20+27,  88.26, 本科Top30 211,a751543751
3690,323+3,103,, 本科其他211,Minghan
3695,319,98,,,BonjourAdeo
3699,324+4,103(S26),  3.6/4, 本科Top15 211,xieyt
3700,323,106,, 本科Top30 211,weitianyi321
3707,321,99,  85+, 本科Top30 211,yuhaichao10
3716,317,98(S19),  Overall," 92.5/100, Major",zhangry868
3718,322+3.5,102,  87, 本科Top15 211,Simonzz
3719,,,  3.48/4, 本科其他211,拉普拉斯
3721,,,  88/100, 本科：南大，浙大，复旦，上交,kayone
3722,322+3.5,95,  92/100, 本科Top15 211,心上云霄
3744,324,102,  3.64/4, 本科其他211,gjw931110
3748,154+168+3.5,30(R)+29(L)+23(S)+27(W)=109,  91.5/100 （专业第一）, 本科Top30 211,冥王星上有点冷
3755,322(152+170+3.0),101(23),  3.65/4, 本科Top15 211,heidixy
3756,326 (4),105 (20),  3.74/4.3,,daat11elyon
3759,149+168+3,93(S22),  86, 本科Top30 211,zhangxiaomo
3762,316,88,  2.96/4, 本科：南大，浙大，复旦，上交,silentsea
3765,156+168+3.5,waive,  86.4, 本科Top30 211,yzhang2
3766,325＋3.5,104,  4.92, 本科Top15 211,yuxz
3773,152+170+3,26+25+19+26=96,, 本科其他211,lhpaul
3776,325,103,  84.31, 本科Top30 211,Amaolll123
3779,325,102,  3.85/5.0, 海本,Roc1mu3fen
3781,321+3.0,104(S24),  84+, 本科：南大，浙大，复旦，上交,象象sherry
3783,322+3.0,103（22）,  88.3/100 （2/25）, 本科：南大，浙大，复旦，上交,664077398
3788,,,  85.8/100 3.41/4, 本科Top30 211,ARUI35
3799,149+170,,  85/100 6/18, 本科：南大，浙大，复旦，上交,121270302
3805,155 166 3,103(22),  3.82/4.  90/100.  1/108, 本科非211,AbelJiang
3812,332+2.5,96,  3.85, 本科Top30 211,Sooniy
3813,310+3,95,, 本科：北大，清华，科大，中科院，特色学校牛专业,codingjam123
3822,V155+Q167+AW4,102,  3.2/4.3, 海本,leafsherry
3827,160+170+4.0,R30+L28+S26+W25=109,  3.7/4.0, 本科Top15 211,glw789
3836,V147+Q170+AW3.0,102(R26/L25/S23/W28),  72.7/100, 本科Top30 211,liuhanyu1030
3837,150+170+3,97,  3.89 10/203, 海本,sstale
3840,321+4,103,  88, 本科Top30 211,哭泣绝望的人生
3843,151+170+3.0,28 25 22 23,  85.5/100 3.71/4.00, 本科Top15 211,snowclover
3846,159+170+4.5,,  3.75/4.3, 海本,ivymew
3851,157+163+3.5 数学真是呵呵呵呵,109（23）,  85.5/100, 本科Top15 211,ponbers
3855,150+167,waive,, 本科Top15 211,小师妹
3857,155+168+4.0,95(19),  87/100, 本科其他211,zhanglixue
3860,155+170+3,103（23）,  3.3/4, 本科：南大，浙大，复旦，上交,lucyandlily
3861,161+170+3.5,104（S22),  3.88， 90.5，  2/27, 本科Top30 211,飞天小女鬼
3864,154+168+3,101(23),"  83 as overall, hier major", 本科：南大，浙大，复旦，上交,TheBlackMamba
3865,146+163+3.0,100 ( S: 22),  84/100, 本科非211,unimuji
3867,153+166,100(S23),, 本科Top30 211,kk1331
3873,"V167, Q170, AW4",110 (S23),"  90.6, 1/21", 本科Top30 211,换一种心情
3878,322,99,, 本科Top30 211,yjn
3879,319+3,101(S20),  4.56/5, 本科Top30 211,zl_demon
3881,151+170,101,, 本科Top30 211,kany1111
3883,152+169+3.0,103 R30 L25 S23 W25,  3.58 / 4.0, 本科：南大，浙大，复旦，上交,302536811
3884,,,  82.8, 本科：北大，清华，科大，中科院，特色学校牛专业,2538752252@qq.c
3885,152+168+3,95（22）,, 本科Top15 211,790037775
3886,156+167+3.0,waived,  86/100, 本科Top15 211,skygaze
3891,,,"  10%, 3.8/4.0", 本科：南大，浙大，复旦，上交,caris_lac
3893,321-3,102(S19),  3.89, 本科其他211,daiker
3898,156+170+3,107,"  GPA 3.78/算法A4.0, A-3.7,B3.5 rank(2/46)", 本科：北大，清华，科大，中科院，特色学校牛专业,yuanfang0524
3899,168 + 167 + 3.5,105,  A, 海本,frankless
3901,156+170+3.5,107(S23),  3.8/4, 本科Top15 211,A_nonymous
3902,160+170+4,106(23),  85/100, 本科：北大，清华，科大，中科院，特色学校牛专业,muzac
3911,156+168+4.0,107,  3.98, 海本,jiaqigu
3912,330,111,, 本科：南大，浙大，复旦，上交,jocelynnn
3914,325 3.0,105,  92.7/100 1/46, 本科Top30 211,小六毛
3915,152+170+3.5,107（20）,  86.9，17/162, 本科：南大，浙大，复旦，上交,onward
3916,,,  85.2/100, 本科：南大，浙大，复旦，上交,onion1222
3922,,,zju,  ,jiaruomi
3925,155 170 3,108(28),  3.72  1/79, 本科其他211,wwk55551111
3926,325+3.5,104,, 本科Top15 211,ciciluo
3927,153+168+3,102(22),, 本科Top15 211,RanShall
3932,150+170+4,106(s24),  3.75/4, 本科：南大，浙大，复旦，上交,liliman
3934,330+3,103,  90多，1, 本科Top30 211,jisong_L
3940,154+167 3.0,105（S20）,  88.57/100； 7/198,,JohnHolmes
3941,,,  3.87/4，9/88, 本科：南大，浙大，复旦，上交,yhcbme
3945,320,100,  3.7/4 5%, 本科Top30 211,monster_gump
3947,"326, 170+156+3.0 (有一次3.5)","105, W:24, 其他:27","  87.5, 14%", 本科Top15 211,木种风
3950,,,  3.6, 本科Top15 211,jumpdewey
3956,328+3.5,102,, 本科其他211,flosea
3960,149+170,,, 本科：南大，浙大，复旦，上交,Ramos_pid
3964,150+167=317,97（s20）,  低于3.0, 本科：南大，浙大，复旦，上交,funnybomb
3965,155/170/3.5,110 (S22),, 本科非211,霍然
3966,148+170+3.5,100,  3.8, 本科：南大，浙大，复旦，上交,hexiangh
3971,320,102,  3.88/4, 本科Top30 211,punkl
3974,V159/Q168/W4,108(S 22),  3.85/4, 海本,ignescent
3977,326+3.5,111,  3.76/4, 本科：南大，浙大，复旦，上交,Junecesty
3983,,,  87.4/100 前40%, 本科：北大，清华，科大，中科院，特色学校牛专业,nonsense
3984,164+168+3.5,106(S23),  80, 本科：北大，清华，科大，中科院，特色学校牛专业,guaguazeezon
3986,,105(24),, 本科：南大，浙大，复旦，上交,meyo
3987,162 168 4 330+4,29 30 30 28 117,  3.1, 海本,DarthPotter
3988,VQ均92%,,, 本科Top30 211,奔跑的Matt
3989,154+169,Waived,  3.76/4.00, 海本,djn658
3995,155 169 3.5,109,, 本科：北大，清华，科大，中科院，特色学校牛专业,marcusgao
3997,153+170+3,105,  3.2, 本科：北大，清华，科大，中科院，特色学校牛专业,doraemon757
3998,170+157+3.0,100（S22）,  3.75, 本科：南大，浙大，复旦，上交,xuyuhao
3999,,,  88.4, 本科Top15 211,justoy
4003,"170, 154, (324), 3.0","30, 25, 20, 26, (101)",  85.5/100, 本科：南大，浙大，复旦，上交,coolxiaobaby
4007,,,  3.5/4.0（wes） top20, 本科其他211,taotaower
4010,323,99,  86.6/100, 本科Top15 211,TWFF
4013,,,  GPA,81.62,THeCrusader
4018,320+3,105(23),  3/60 3.76(WES), 本科其他211,Smush
4025,323+aw 3,102(S22),  84, 本科：南大，浙大，复旦，上交,烫烫烫烫烫
4026,v152+q170+aw3,101 (s23),  83, 本科Top15 211,glkwhr
4031,324,105,  89/100, 本科其他211,smiling2727
4043,158+168+3.0,108 （S:23),  3.66/4 北大算法, 本科：北大，清华，科大，中科院，特色学校牛专业,怎么又笑了
4044,V155+Q170+AW3.5,R29+L29+S22+W26=106,  3.54，10/45, 本科：北大，清华，科大，中科院，特色学校牛专业,alexanderhmw
4045,156+167+3.5,111,  2/83, 本科：南大，浙大，复旦，上交,hmy9307
4046,,waived,  3.1/4, 本科其他211,renli3000
4050,153+3.0,101 (S: 23),, 本科：南大，浙大，复旦，上交,BigOrange
4054,164 170 3.0,107,  3.9/4.0   top1%, 本科其他211,wty60215
4055,323+3.5,108,  3.93/4.3, 本科：北大，清华，科大，中科院，特色学校牛专业,Zhengyuan.Yang
4058,327+3,103,  3.8, 本科：南大，浙大，复旦，上交,kittenh2o
4062,323+3.0,102,  3.65, 本科Top30 211,大风糊一脸
4065,152+170+3.0,101(S22),"  3.75/4, 1/46", 本科：北大，清华，科大，中科院，特色学校牛专业,且食蛤蜊
4067,146+168+2.5(有点忘了，大概就是这么低的),Waived,  3.6, 本科Top15 211,violet_xrym
4071,320,98(19),"  4.54/5, rank 1", 本科：南大，浙大，复旦，上交,oshizhiyouni
4073,157 + 170 + 4.0,None,  3.94, 海本,caiqizhe
4075,157 168 3.5,29 29 22 26,  3.93（浙大算法。。。）, 本科：南大，浙大，复旦，上交,yyuar
4076,153+170+3.0,107（22）,, 本科：南大，浙大，复旦，上交,土土土土土逗
4081,,,  3.68, 本科：北大，清华，科大，中科院，特色学校牛专业,pkutzy
4085,312+3,96,, 本科其他211,charwing
4086,314 + 4.0,100,  GPA83.7 ; 2/24, 本科其他211,ignorer
4087,322+4,106(24),  88, 本科：南大，浙大，复旦，上交,qzpm1234
4090,153+170+3.0,102(S23),"  3.72/4.0, 2/46", 本科：北大，清华，科大，中科院，特色学校牛专业,dc93
4097,327(157+170),113(26),  3.97/4.3, 海本,aaacabad
4098,153 + 170 + 3.5,105,  3.95 / 4.3, 海本,raypeng
4099,317,101,  88, 本科：南大，浙大，复旦，上交,ksampply
4101,154+170+4.5,30+30+26+27,, 海本,q413111398
4103,331+4.0,115,  9/122, 本科：南大，浙大，复旦，上交,chris_tine
4104,153+170+3,102 (R27 L27 S23 W25),  3.83, 本科：南大，浙大，复旦，上交,yanghanyu1m3fd
4111,680+790+3,106,"  91.6/100, top 3%", 本科：北大，清华，科大，中科院，特色学校牛专业,tyl5566
4120,"V152, Q170, AW3.0","R30,L30,W26,S24 110","  3.71/4, 8/107", 本科：北大，清华，科大，中科院，特色学校牛专业,lyn6850133
4121,322+3.5,103,  84.3, 本科Top30 211,聚散浮云
4122,152+170+4.0,109(24),  87.7/100,,snowmanlarry
4123,v 150 (45%)  q 167 (94%)  awa 2.5 (below 7%),102 (w 21 s 22 ),, 海本,nyy86
4124,151+167+3,101(19),  82/100, 本科其他211,ShalynChin
4127,,,  3.2, 本科Top15 211,kiadragon
4131,310,91,  3.01, 本科非211,lrcray
4135,319+3.0,105,  87/100, 本科：南大，浙大，复旦，上交,784399458
4136,146+170+2.5,98(S23),  81, 本科Top30 211,qzheng93
4137,325 (155+170+3),106 (S 23),  3.3/4.0, 本科：南大，浙大，复旦，上交,feidaowenzhan
4138,328+4.0,,  3.99, 海本,lixx29381031
4139,318,97,  major 87.6/100, 本科：南大，浙大，复旦，上交,kang205
4141,323+3.5,110 (S24),"  3.88/4, 2/162", 本科：南大，浙大，复旦，上交,Thorium
4143,318,92,  3.86/4.00 rank 20, 本科：南大，浙大，复旦，上交,a554b554
4145,v159 q170 aw3.0,r 28 l 26 s 20 w 29 total 103,  overall 85.6/100 major 88.0/100, 本科Top15 211,download1992
4149,322,104,, 本科非211,caominki
4152,320(150+170+3),"91(28,22,17,24)",  87, 本科Top30 211,stephenshaw
4154,,102,  3.27, 本科Top15 211,Withyue
4156,322（3.0）,102（S19）,  填的是百分制（79%），因为4分制看上去太低。。, 本科：北大，清华，科大，中科院，特色学校牛专业,liudangyi
4157,325+4.0,101,, 本科：南大，浙大，复旦，上交,SapotoVector
4159,153+170+3.5,98（S18）,  3.4/4.0，30/200, 本科Top15 211,stevenlli
4161,155+168+3.5,104 S23,  3.23/4, 本科Top30 211,我们的永远
4162,149+168+3.5,100 (Speaking 23),"  3.79/4.0,  12/280", 本科Top30 211,kendy1992
4163,323,102,  87/100, 本科：南大，浙大，复旦，上交,LockOn
4165,,无T,"  3.8/4.0, Major GPA 3.9/4.0", 海本,tomatojam
4166,319,92,  4.69/5, 本科非211,jane11233
4172,323,,  3.3, 本科其他211,不二
4173,151+168+3.0,102 (27+25+22+28),  90.67/100，Top10%, 本科：南大，浙大，复旦，上交,CrystalHu
4178,160+170+3.5,108,  3.50/4.0, 海本,henry1qaz
4181,153 + 166 + 3.5,107 (s22),  84.85, 本科：南大，浙大，复旦，上交,Determinant
4183,319,102,  3.7/4, 本科Top30 211,wanganran
4185,Total: 322 V: 152 Q: 170 AW: 3.5,Total: 102 R: 28 L: 27 S: 22 W: 25,  86.50; Rank, 25%,guolei329
4187,322+3,99,  3.85,,junjunsky
4190,V155 Q168 AW3.5,"R29 L25 S23 W25, 102",  3.83 水算法，11/230, 本科Top30 211,lxao
4193,327+3.0,100,, 本科Top15 211,关渡手稿
4194,152+167+3,102,, 本科：南大，浙大，复旦，上交,cissyjuice
4200,329+3,101,  85.4   6/116, 本科非211,hoppipollaa
4203,149 + 167 + 3.0,96 (W 22),  3.22, 本科：北大，清华，科大，中科院，特色学校牛专业,FelixSchmidt
4212,150+167+3,100(s:22),  87.79  top4%, 本科Top15 211,fallcreek
4217,154+168+3.0 （唉这个3.0）,107（22）,  91.7/100 rank 8, 本科其他211,gxx
4218,152+170+3.0,29+24+19+28=100,"  91.0/100, 1", 本科Top15 211,lucien1227
4224,149+170+3.5,102(S:20),  top 5%, 本科：北大，清华，科大，中科院，特色学校牛专业,S2freelly
4228,317,13年有一个98的分数,  eres算出来应该在3.6左右, 本科其他211,Liddy_L
4234,V151+Q170+AW3.5,R27+L18+S20+W25=Total90,  3.27/北大4.0算法, 本科：南大，浙大，复旦，上交,香蕉你个橘子
4236,V: 157 Q: 168 AW: 5.0,这次申请没考，08年考的是 28+28+23+28=107,"  3.83/4.00 (WES算法), 1/100", 本科非211,stk2010
4240,,,  3.727/4, 海本,老子姓锅
4242,155+170+3.5,110（22）,  91.8  1%, 本科Top30 211,dwna555
4247,160+170+4,107,  87.9/100, 本科：北大，清华，科大，中科院，特色学校牛专业,sunshinechar
4248,155+166+3.5,103 (s23),"  GPA 3.8/4, 2%", 本科Top15 211,lplrobert
4249,323+3,104,  3.91/4.0 排名, 3/150,Believers
4253,158+170+3.5,,, 本科：北大，清华，科大，中科院，特色学校牛专业,chenqian9119
4254,153+165+3.5,94,  75/100, 本科Top15 211,clxiangg
4256,,,  3.63/4.0, 本科非211,TinaBao
4258,165+170=335/AW3.5,28+28+27+27=110,  3.43, 海本,Taeyoulee
4259,155+170+3.5,103/23,"  3.5/4,15%", 本科：北大，清华，科大，中科院，特色学校牛专业,dydcfg
4262,153+168+3.0,103,, 本科Top15 211,linkk
4264,325+3,105（23）,  86-, 本科Top15 211,mondayjun
4265,V152 Q168 W3.5 = 320,R29 L26 S23 W26 = 104,  3.5/4.0 (年级占比3.67%), 本科其他211,抱考拉的桉树猫
4266,327,104(22),  87, 本科Top30 211,lixin99830
4268,155+168+3.0,101(22),  86.14/100, 本科：南大，浙大，复旦，上交,FFFelix
4270,154+167+3,102(s22),  81/100, 本科Top15 211,silence_shadow
4272,149+166+3,96(23),  83.5, 本科其他211,li3yang3
4275,,,  3.21, 本科Top30 211,学会cl
4276,153+170+4.0,28+28+19+28,  87.1, 本科Top15 211,zxdxjtu
4277,153+170+3.0,29+26+23+26=104,  89.0, 本科：北大，清华，科大，中科院，特色学校牛专业,terrykey
4285,325(4),106(22),  3.62, 海本,灰溜溜溜溜
4286,"V:162, Q:168, AW: 5",,  3.87/4.00, 海本,elrohirrocks007
4292,155/170/3.5,7.5/8.5/6/6,  87.74, 本科Top30 211,sagefrog
4295,319/315,92,, 本科非211,FamerNine
